{"cameraMode":{"drawMode":0,"name":"Shaded","section":"Shading Mode"},"sceneLighting":true,"audioPlay":false,"sceneViewState":{"m_AlwaysRefresh":false,"showFog":true,"showSkybox":true,"showFlares":true,"showImageEffects":true,"showParticleSystems":true,"showVisualEffectGraphs":true,"m_FxEnabled":true},"in2DMode":false,"pivot":{"x":3.0453503131866457,"y":2.016561269760132,"z":-0.30211108922958376},"rotation":{"x":-0.06260035932064057,"y":-0.7926657199859619,"z":0.08257860690355301,"w":-0.6008118391036987},"size":3.4228501319885256,"orthographic":false}