{"cameraMode":{"drawMode":0,"name":"Shaded","section":"Shading Mode"},"sceneLighting":true,"audioPlay":false,"sceneViewState":{"m_AlwaysRefresh":false,"showFog":true,"showSkybox":true,"showFlares":true,"showImageEffects":true,"showParticleSystems":true,"showVisualEffectGraphs":true,"m_FxEnabled":true},"in2DMode":false,"pivot":{"x":9.80443000793457,"y":-2.3835747241973879,"z":3.6052329540252687},"rotation":{"x":-0.28287726640701296,"y":0.011779498308897019,"z":-0.003479131730273366,"w":-0.9590991735458374},"size":7.641329765319824,"orthographic":false}