{"cameraMode":{"drawMode":0,"name":"Shaded","section":"Shading Mode"},"sceneLighting":true,"audioPlay":false,"sceneViewState":{"m_AlwaysRefresh":false,"showFog":true,"showSkybox":true,"showFlares":true,"showImageEffects":true,"showParticleSystems":true,"showVisualEffectGraphs":true,"m_FxEnabled":true},"in2DMode":false,"pivot":{"x":0.5824635624885559,"y":0.7634115219116211,"z":-0.10393333435058594},"rotation":{"x":-0.5129580497741699,"y":-0.02164137363433838,"z":0.01293940283358097,"w":-0.8580583930015564},"size":8.711732864379883,"orthographic":false}