{"cameraMode":{"drawMode":0,"name":"Shaded","section":"Shading Mode"},"sceneLighting":true,"audioPlay":false,"sceneViewState":{"m_AlwaysRefresh":false,"showFog":true,"showSkybox":true,"showFlares":true,"showImageEffects":true,"showParticleSystems":true,"showVisualEffectGraphs":true,"m_FxEnabled":true},"in2DMode":false,"pivot":{"x":106.33841705322266,"y":-167.07493591308595,"z":202.21620178222657},"rotation":{"x":-0.19153985381126405,"y":-0.08733610063791275,"z":0.017127692699432374,"w":-0.9774463772773743},"size":438.5887145996094,"orthographic":false}