{"cameraMode":{"drawMode":0,"name":"Shaded","section":"Shading Mode"},"sceneLighting":true,"audioPlay":false,"sceneViewState":{"m_AlwaysRefresh":false,"showFog":true,"showSkybox":true,"showFlares":true,"showImageEffects":true,"showParticleSystems":true,"showVisualEffectGraphs":true,"m_FxEnabled":true},"in2DMode":false,"pivot":{"x":2.6461005210876467,"y":-129.83468627929688,"z":-147.85719299316407},"rotation":{"x":-0.002362024039030075,"y":-0.9394150972366333,"z":0.3427110016345978,"w":-0.006476968061178923},"size":149.58657836914063,"orthographic":false}