{"cameraMode":{"drawMode":0,"name":"Shaded","section":"Shading Mode"},"sceneLighting":false,"audioPlay":false,"sceneViewState":{"m_AlwaysRefresh":false,"showFog":true,"showSkybox":false,"showFlares":true,"showImageEffects":true,"showParticleSystems":true,"showVisualEffectGraphs":true,"m_FxEnabled":true},"in2DMode":false,"pivot":{"x":0.051422119140625,"y":1.7548315525054932,"z":-1.0491447448730469},"rotation":{"x":-0.002882604254409671,"y":0.9616137146949768,"z":-0.2742372751235962,"w":-0.010110242292284966},"size":26.080307006835939,"orthographic":false}